Workbook

Sheet Summary
A1: Model performance on the held-out test sets
A2: Detectors used by the agent (YOLO11s). P / R / F1 at the best-F1 confidence; IoU 0.5. Per-class tables are on the other sheets.
A4: Domain | B4: Model | C4: Test images | D4: Test labels | E4: Box P | F4: Box R | G4: Box F1 | H4: Box mAP50 | I4: Box mAP50-95 | J4: Mask P | K4: Mask R | L4: Mask F1 | M4: Mask mAP50 | N4: Mask mAP50-95 | O4: Latency (ms/img)
A5: PCB | B5: pcb_v2_yolo11s.pt | C5: 980 | D5: 5082 | E5: 0.9114 | F5: 0.8675 | G5: ='PCB'!G13 | H5: 0.8858 | I5: 0.4741 | J5: - | K5: - | L5: - | M5: - | N5: - | O5: 8
A6: Metal Surface | B6: msdd_v1_yolo11s_seg.pt | C6: 150 | D6: 384 | E6: 0.6416 | F6: 0.5774 | G6: ='Metal Surface'!G11 | H6: 0.5765 | I6: 0.3823 | J6: 0.7119 | K6: 0.5363 | L6: ='Metal Surface'!L11 | M6: 0.5636 | N6: 0.3405 | O6: 7.4
A7: Mobile Surface | B7: mobile_surface_yolo11s_seg.pt | C7: 122 | D7: 335 | E7: 0.9857 | F7: 0.9732 | G7: ='Mobile Surface'!G8 | H7: 0.9838 | I7: 0.817 | J7: 0.8262 | K7: 0.8185 | L7: ='Mobile Surface'!L8 | M7: 0.8007 | N7: 0.5065 | O7: 37.3
A9: How to read
A10: • Blue numbers come from the validation run; F1 is linked to the per-domain sheet (mean of the per-class F1, as in results/model_benchmark.csv).
A11: • pcb is a detection model (boxes only); msdd and mobile are segmentation models (box and mask metrics).
A12: • The test sets are the datasets' own held-out splits (pcb 980, msdd 150, mobile 122 images). Latency includes image reading.
A13: Source: ultralytics val on the held-out test splits; latency from results/model_benchmark.json. Regenerate with tools/make_result_workbooks.py.

Sheet PCB
A1: PCB defect detection — performance by class (test set)
A2: Model: pcb_v2_yolo11s.pt · Test: 980 images, 5,082 labeled defects · IoU 0.5 · P/R at the best-F1 confidence
A4: Class | B4: Test labels | C4: Images with class | D4: Perfect images | E4: Box P | F4: Box R | G4: Box F1 | H4: Box AP50 | I4: Box AP50-95
A5: False copper | B5: 477 | C5: 107 | D5: 65.4% | E5: 0.9935 | F5: 0.9579 | G5: =IF(E5+F5=0,0,2*E5*F5/(E5+F5)) | H5: 0.9809 | I5: 0.5803
A6: Missing hole | B6: 467 | C6: 109 | D6: 46.8% | E6: 0.8136 | F6: 0.8503 | G6: =IF(E6+F6=0,0,2*E6*F6/(E6+F6)) | H6: 0.7929 | I6: 0.3546
A7: Mouse bite | B7: 779 | C7: 177 | D7: 46.9% | E7: 0.9723 | F7: 0.8896 | G7: =IF(E7+F7=0,0,2*E7*F7/(E7+F7)) | H7: 0.9198 | I7: 0.5074
A8: Open circuit | B8: 793 | C8: 217 | D8: 40.1% | E8: 0.9397 | F8: 0.8348 | G8: =IF(E8+F8=0,0,2*E8*F8/(E8+F8)) | H8: 0.8931 | I8: 0.4739
A9: Pin hole | B9: 735 | C9: 208 | D9: 55.8% | E9: 0.9099 | F9: 0.9156 | G9: =IF(E9+F9=0,0,2*E9*F9/(E9+F9)) | H9: 0.9077 | I9: 0.3956
A10: Scratch | B10: 545 | C10: 215 | D10: 42.8% | E10: 0.8188 | F10: 0.8752 | G10: =IF(E10+F10=0,0,2*E10*F10/(E10+F10)) | H10: 0.9052 | I10: 0.6775
A11: Short circuit | B11: 666 | C11: 196 | D11: 46.4% | E11: 0.869 | F11: 0.7643 | G11: =IF(E11+F11=0,0,2*E11*F11/(E11+F11)) | H11: 0.7969 | I11: 0.3395
A12: Spur | B12: 620 | C12: 171 | D12: 48.5% | E12: 0.9742 | F12: 0.8521 | G12: =IF(E12+F12=0,0,2*E12*F12/(E12+F12)) | H12: 0.8903 | I12: 0.4641
A13: All classes | B13: =SUM(B5:B12) | C13: 980 | E13: 0.9114 | F13: 0.8675 | G13: =AVERAGE(G5:G12) | H13: 0.8858 | I13: 0.4741
A15: Latency (wall clock, per image) | B15: 8
A16: Model inference only | B16: 5.6
A18: How to read
A19: • P / R / F1 are read at the confidence that maximises F1 for that class; AP50 uses IoU 0.5, AP50-95 averages IoU 0.5–0.95.
A20: • "Perfect images" = share of test images with this class whose detections match the labels exactly (F1 = 1 at IoU 0.5, confidence ≥ 0.25); see results/<domain>/showcase/summary.csv.
A21: • Class F1 is a formula from P and R; the F1 of the green "All classes" row is the mean of the class F1 values (same definition as results/model_benchmark.csv). Blue numbers come from the validation run.
A22: • Box metrics measure where the defect is; mask metrics (segmentation models) also measure the outline of the region.
A23: Source: ultralytics val on the held-out test split, model pcb_v2_yolo11s.pt. Regenerate with tools/make_result_workbooks.py.

Sheet Metal Surface
A1: Metal Surface defect segmentation — performance by class (test set)
A2: Model: msdd_v1_yolo11s_seg.pt · Test: 150 images, 384 labeled defects · IoU 0.5 · P/R at the best-F1 confidence
A4: Class | B4: Test labels | C4: Images with class | D4: Perfect images | E4: Box P | F4: Box R | G4: Box F1 | H4: Box AP50 | I4: Box AP50-95 | J4: Mask P | K4: Mask R | L4: Mask F1 | M4: Mask AP50 | N4: Mask AP50-95
A5: Dark Spot | B5: 77 | C5: 41 | D5: 26.8% | E5: 0.7583 | F5: 0.7742 | G5: =IF(E5+F5=0,0,2*E5*F5/(E5+F5)) | H5: 0.7933 | I5: 0.4137 | J5: 0.7943 | K5: 0.7143 | L5: =IF(J5+K5=0,0,2*J5*K5/(J5+K5)) | M5: 0.7903 | N5: 0.3943
A6: Fold | B6: 38 | C6: 23 | D6: 8.7% | E6: 0.4513 | F6: 0.3464 | G6: =IF(E6+F6=0,0,2*E6*F6/(E6+F6)) | H6: 0.3252 | I6: 0.2441 | J6: 0.5536 | K6: 0.3684 | L6: =IF(J6+K6=0,0,2*J6*K6/(J6+K6)) | M6: 0.3603 | N6: 0.2206
A7: Oxidation | B7: 48 | C7: 12 | D7: 0.0% | E7: 0.5269 | F7: 0.3714 | G7: =IF(E7+F7=0,0,2*E7*F7/(E7+F7)) | H7: 0.3921 | I7: 0.2015 | J7: 0.6685 | K7: 0.3333 | L7: =IF(J7+K7=0,0,2*J7*K7/(J7+K7)) | M7: 0.4147 | N7: 0.1448
A8: Porosity | B8: 80 | C8: 46 | D8: 39.1% | E8: 0.725 | F8: 0.55 | G8: =IF(E8+F8=0,0,2*E8*F8/(E8+F8)) | H8: 0.5682 | I8: 0.4821 | J8: 0.8299 | K8: 0.525 | L8: =IF(J8+K8=0,0,2*J8*K8/(J8+K8)) | M8: 0.5418 | N8: 0.4283
A9: Scratch | B9: 116 | C9: 47 | D9: 19.1% | E9: 0.439 | F9: 0.4224 | G9: =IF(E9+F9=0,0,2*E9*F9/(E9+F9)) | H9: 0.3852 | I9: 0.2033 | J9: 0.4646 | K9: 0.2768 | L9: =IF(J9+K9=0,0,2*J9*K9/(J9+K9)) | M9: 0.2798 | N9: 0.1241
A10: Stain | B10: 25 | C10: 20 | D10: 45.0% | E10: 0.9494 | F10: 1 | G10: =IF(E10+F10=0,0,2*E10*F10/(E10+F10)) | H10: 0.995 | I10: 0.7492 | J10: 0.9605 | K10: 1 | L10: =IF(J10+K10=0,0,2*J10*K10/(J10+K10)) | M10: 0.995 | N10: 0.731
A11: All classes | B11: =SUM(B5:B10) | C11: 150 | E11: 0.6416 | F11: 0.5774 | G11: =AVERAGE(G5:G10) | H11: 0.5765 | I11: 0.3823 | J11: 0.7119 | K11: 0.5363 | L11: =AVERAGE(L5:L10) | M11: 0.5636 | N11: 0.3405
A13: Latency (wall clock, per image) | B13: 7.4
A14: Model inference only | B14: 5.5
A16: How to read
A17: • P / R / F1 are read at the confidence that maximises F1 for that class; AP50 uses IoU 0.5, AP50-95 averages IoU 0.5–0.95.
A18: • "Perfect images" = share of test images with this class whose detections match the labels exactly (F1 = 1 at IoU 0.5, confidence ≥ 0.25); see results/<domain>/showcase/summary.csv.
A19: • Class F1 is a formula from P and R; the F1 of the green "All classes" row is the mean of the class F1 values (same definition as results/model_benchmark.csv). Blue numbers come from the validation run.
A20: • Box metrics measure where the defect is; mask metrics (segmentation models) also measure the outline of the region.
A21: Source: ultralytics val on the held-out test split, model msdd_v1_yolo11s_seg.pt. Regenerate with tools/make_result_workbooks.py.

Sheet Mobile Surface
A1: Mobile Surface defect segmentation — performance by class (test set)
A2: Model: mobile_surface_yolo11s_seg.pt · Test: 122 images, 335 labeled defects · IoU 0.5 · P/R at the best-F1 confidence
A4: Class | B4: Test labels | C4: Images with class | D4: Perfect images | E4: Box P | F4: Box R | G4: Box F1 | H4: Box AP50 | I4: Box AP50-95 | J4: Mask P | K4: Mask R | L4: Mask F1 | M4: Mask AP50 | N4: Mask AP50-95
A5: Oil | B5: 51 | C5: 37 | D5: 97.3% | E5: 0.9882 | F5: 0.9804 | G5: =IF(E5+F5=0,0,2*E5*F5/(E5+F5)) | H5: 0.9943 | I5: 0.9246 | J5: 0.9876 | K5: 0.9804 | L5: =IF(J5+K5=0,0,2*J5*K5/(J5+K5)) | M5: 0.9943 | N5: 0.7939
A6: Scratch | B6: 155 | C6: 40 | D6: 92.5% | E6: 1 | F6: 0.9711 | G6: =IF(E6+F6=0,0,2*E6*F6/(E6+F6)) | H6: 0.985 | I6: 0.9043 | J6: 0.927 | K6: 0.9014 | L6: =IF(J6+K6=0,0,2*J6*K6/(J6+K6)) | M6: 0.944 | N6: 0.5555
A7: Stain | B7: 129 | C7: 43 | D7: 74.4% | E7: 0.969 | F7: 0.9682 | G7: =IF(E7+F7=0,0,2*E7*F7/(E7+F7)) | H7: 0.9722 | I7: 0.6222 | J7: 0.5641 | K7: 0.5736 | L7: =IF(J7+K7=0,0,2*J7*K7/(J7+K7)) | M7: 0.464 | N7: 0.1701
A8: All classes | B8: =SUM(B5:B7) | C8: 122 | E8: 0.9857 | F8: 0.9732 | G8: =AVERAGE(G5:G7) | H8: 0.9838 | I8: 0.817 | J8: 0.8262 | K8: 0.8185 | L8: =AVERAGE(L5:L7) | M8: 0.8007 | N8: 0.5065
A10: Latency (wall clock, per image) | B10: 37.3
A11: Model inference only | B11: 4
A13: How to read
A14: • P / R / F1 are read at the confidence that maximises F1 for that class; AP50 uses IoU 0.5, AP50-95 averages IoU 0.5–0.95.
A15: • "Perfect images" = share of test images with this class whose detections match the labels exactly (F1 = 1 at IoU 0.5, confidence ≥ 0.25); see results/<domain>/showcase/summary.csv.
A16: • Class F1 is a formula from P and R; the F1 of the green "All classes" row is the mean of the class F1 values (same definition as results/model_benchmark.csv). Blue numbers come from the validation run.
A17: • Box metrics measure where the defect is; mask metrics (segmentation models) also measure the outline of the region.
A18: Source: ultralytics val on the held-out test split, model mobile_surface_yolo11s_seg.pt. Regenerate with tools/make_result_workbooks.py.
